[
  {
    "id_producto": "SKU-TV-001",
    "nombre": "Televisor Smart 4K",
    "categoria": "Electrónica",
    "precio": 499.99,
    "especificaciones": {
      "resolucion": "3840x2160",
      "tamano_pantalla": "55 pulgadas",
      "puertos_hdmi": 4
    },
    "opiniones": []
  },
  {
    "id_producto": "SKU-TS-002",
    "nombre": "Camiseta de Algodón",
    "categoria": "Ropa",
    "precio": 19.99,
    "especificaciones": {
      "talla": "M",
      "color": "Azul",
      "material": "100% Algodón"
    },
    "opiniones": []
  },
  {
    "id_producto": "SKU-LP-003",
    "nombre": "Laptop Gaming",
    "categoria": "Tecnología",
    "precio": 1299.99,
    "especificaciones": {
      "procesador": "Intel Core i7",
      "ram": "16 GB",
      "almacenamiento": "512 GB SSD"
    },
    "opiniones": []
  },
  {
    "id_producto": "SKU-CA-004",
    "nombre": "Cámara Digital",
    "categoria": "Fotografía",
    "precio": 599.99,
    "especificaciones": {
      "megapixeles": 24,
      "zoom_optico": 10,
      "grabacion_video": true
    },
    "opiniones": []
  }
]